%time,x,y,z,q0,q1,q2,q3,floor
0.0040593147277832,43.07990514623771,12.163538495633588,1.32095285235614,0.1946025136148841,0.2883167955284461,0.3246667150317451,0.8795423874160202,FLU01
181.6602394580841,43.13779177857168,12.098551373093189,1.25927075261435,-0.0760979935641597,0.1912816556066077,0.6746193008237912,0.708878849000253,FLU01
